date,level,message
2025-06-25T18:32:15.311170,INFO,First message
2025-06-25T18:32:15.397152,WARNING,Second message
2025-06-25T18:32:15.503106,ERROR,Third message
2025-06-25T18:56:30.535010,INFO,First message
2025-06-25T18:56:30.680678,WARNING,Second message
2025-06-25T18:56:30.821693,ERROR,Third message
2025-06-25T18:56:32.603865,INFO,First message
2025-06-25T18:56:32.705644,WARNING,Second message
2025-06-25T18:56:32.800779,ERROR,Third message
2025-06-25T18:56:38.878703,INFO,First message
2025-06-25T18:56:38.966397,WARNING,Second message
2025-06-25T18:56:39.051408,ERROR,Third message
2025-06-25T18:56:40.534135,INFO,First message
2025-06-25T18:56:40.662063,WARNING,Second message
2025-06-25T18:56:40.779571,ERROR,Third message
2025-06-25T19:00:19.174224,INFO,First message
2025-06-25T19:00:19.251609,WARNING,Second message
2025-06-25T19:00:19.361740,ERROR,Third message
2025-06-25T19:00:32.862957,INFO,First message
2025-06-25T19:00:32.946909,WARNING,Second message
2025-06-25T19:00:33.030810,ERROR,Third message
2025-06-25T19:00:38.269985,INFO,First message
2025-06-25T19:00:38.345370,WARNING,Second message
2025-06-25T19:00:38.475360,ERROR,Third message
